Entity,Code,Year,Per capita energy consumption,GDP per capita,World region according to OWID,GDP per capita (Original Year),Per capita energy consumption (Original Year)
Afghanistan,AFG,2024,971.6966,1983.8126,Asia,2023,2023
Albania,ALB,2024,9167.564,21641.074,Europe,,
Algeria,DZA,2024,16237.188,15501.92,Africa,,
Angola,AGO,2024,2659.693,8901.888,Africa,,
Antigua and Barbuda,ATG,2024,33242.316,29371.639,North America,,
Argentina,ARG,2024,21513.947,26771.965,South America,,
Armenia,ARM,2024,16739.324,20078.785,Asia,,
Aruba,ABW,2024,45574.95,44558.93,North America,,
Australia,AUS,2024,62595.04,60303.98,Oceania,,
Austria,AUT,2024,45208.31,63788.08,Europe,,
Azerbaijan,AZE,2024,20137.387,22072.148,Asia,,
Bahamas,BHS,2024,34643.33,36244.05,North America,,
Bahrain,BHR,2024,152038.3,58891.832,Asia,,
Bangladesh,BGD,2024,3048.3135,8486.785,Asia,,
Barbados,BRB,2024,23965.328,21837.725,North America,,
Belarus,BLR,2024,34632.566,29040.973,Europe,,
Belgium,BEL,2024,54870.88,63347.785,Europe,,
Belize,BLZ,2024,10112.117,12621.408,North America,,
Benin,BEN,2024,2171.8225,3901.326,Africa,,
Bermuda,BMU,2024,37280.26,109311.94,North America,,
Bhutan,BTN,2024,20020.596,14610.296,Asia,2023,2023
Bolivia,BOL,2024,9380.434,11329.151,South America,,
Bosnia and Herzegovina,BIH,2024,27656.611,20527.693,Europe,,
Botswana,BWA,2024,9810.756,18068.506,Africa,,
Brazil,BRA,2024,18486.229,19652.365,South America,,
Brunei,BRN,2024,121979.82,79071.734,Asia,,
Bulgaria,BGR,2024,28381.64,34221.53,Europe,,
Burkina Faso,BFA,2024,1062.505,2547.6724,Africa,,
Burundi,BDI,2024,278.34103,1051.2593,Africa,,
Cambodia,KHM,2024,4967.972,7008.889,Asia,,
Cameroon,CMR,2024,1202.7491,4916.9336,Africa,,
Canada,CAN,2024,97784.54,56706.824,North America,,
Cape Verde,CPV,2024,5931.5093,9848.953,Africa,,
Cayman Islands,CYM,2024,48111.23,79675.86,North America,2023,2023
Central African Republic,CAF,2024,356.6505,1111.2194,Africa,,
Chad,TCD,2024,382.54034,2412.866,Africa,,
Chile,CHL,2024,26245.264,30182.787,South America,,
China,CHN,2024,34514.457,23845.62,Asia,,
Colombia,COL,2024,11645.494,18477.215,South America,,
Comoros,COM,2024,1821.2346,3482.535,Africa,,
Congo,COG,2024,3857.942,6181.4707,Africa,,
Costa Rica,CRI,2024,9627.194,26973.436,North America,,
Cote d'Ivoire,CIV,2024,2612.0803,6747.038,Africa,,
Croatia,HRV,2024,26615.488,42829.2,Europe,,
Cyprus,CYP,2024,24551.195,52635.582,Europe,,
Czechia,CZE,2024,36589.773,47963.9,Europe,,
Democratic Republic of Congo,COD,2024,312.46207,1602.075,Africa,,
Denmark,DNK,2024,32832.465,71431.29,Europe,,
Djibouti,DJI,2024,3001.8767,6871.1245,Africa,,
Dominica,DMA,2024,11692.853,18739.363,North America,,
Dominican Republic,DOM,2024,12252.859,24229.889,North America,,
East Timor,TLS,2024,1982.7366,3890.9575,Asia,,
Ecuador,ECU,2024,12722.083,13935.539,South America,,
Egypt,EGY,2024,9660.864,16798.152,Africa,,
El Salvador,SLV,2024,7385.741,11669.082,North America,,
Equatorial Guinea,GNQ,2024,16416.217,15454.429,Africa,,
Estonia,EST,2024,40986.305,41189.668,Europe,,
Eswatini,SWZ,2024,5606.7744,10380.396,Africa,,
Ethiopia,ETH,2024,685.70764,2892.2222,Africa,,
European Union (27),OWID_EU27,2024,35317.984,54337.918,,,
Faroe Islands,FRO,2024,64641.76,72059.58,Europe,,
Fiji,FJI,2024,10950.276,13592.464,Oceania,,
Finland,FIN,2024,59564.754,56123.15,Europe,,
France,FRA,2024,37865.61,54799.348,Europe,,
Gabon,GAB,2024,6763.3564,18923.662,Africa,,
Gambia,GMB,2024,833.6302,3057.684,Africa,,
Georgia,GEO,2024,18798.164,24883.908,Asia,,
Germany,DEU,2024,37792.51,62554.555,Europe,,
Ghana,GHA,2024,3263.3418,7055.625,Africa,,
Greece,GRC,2024,31965.838,37474.28,Europe,,
Greenland,GRL,2024,48129.91,71037.54,North America,2023,2023
Grenada,GRD,2024,14321.675,17751.51,North America,,
Guatemala,GTM,2024,5430.201,12640.888,North America,,
Guinea,GIN,2024,1483.4702,4016.3418,Africa,,
Guinea-Bissau,GNB,2024,692.5512,2744.2798,Africa,,
Guyana,GUY,2024,19789.193,70516.72,South America,,
Haiti,HTI,2024,602.284,2809.6453,North America,,
High-income countries,OWID_HIC,2024,55284.637,58334.816,,,
Honduras,HND,2024,5241.65,6585.8555,North America,,
Hong Kong,HKG,2024,36808.547,66153.98,Asia,,
Hungary,HUN,2024,26952.049,40686.934,Europe,,
Iceland,ISL,2024,159676.39,67310.055,Europe,,
India,IND,2024,7812.9277,9818.043,Asia,,
Indonesia,IDN,2024,10528.601,14470.4375,Asia,,
Iran,IRN,2024,39203.61,17484.133,Asia,,
Iraq,IRQ,2024,16002.357,12725.043,Asia,,
Ireland,IRL,2024,34593.98,119037.734,Europe,,
Israel,ISR,2024,29591.316,47338.844,Asia,,
Italy,ITA,2024,28584.518,53265.004,Europe,,
Jamaica,JAM,2024,12504.468,11340.264,North America,,
Japan,JPN,2024,38745.04,46106.92,Asia,,
Jordan,JOR,2024,9316.197,9520.251,Asia,,
Kazakhstan,KAZ,2024,41865.195,35973.965,Asia,,
Kenya,KEN,2024,1676.7908,5845.201,Africa,,
Kiribati,KIR,2024,2672.9912,3257.1362,Oceania,,
Kosovo,OWID_KOS,2024,17884.244,15716.293,Europe,,
Kuwait,KWT,2024,106398.59,46137.47,Asia,,
Kyrgyzstan,KGZ,2024,7651.543,7048.9897,Asia,,
Laos,LAO,2024,10887.287,8600.324,Asia,,
Latvia,LVA,2024,20722.363,37611.67,Europe,,
Lebanon,LBN,2024,12173.08,11330.269,Asia,2023,2023
Lesotho,LSO,2024,1681.6976,2640.2854,Africa,,
Liberia,LBR,2024,569.85297,1646.0586,Africa,,
Libya,LBY,2024,33362.95,12583.834,Africa,,
Lithuania,LTU,2024,25660.39,47165.367,Europe,,
Low-income countries,OWID_LIC,2024,1127.2815,2252.951,,,
Lower-middle-income countries,OWID_LMC,2024,5473.9224,8995.874,,,
Luxembourg,LUX,2024,59047.88,128475.28,Europe,,
Macao,MAC,2024,19406.736,111693.5,Asia,,
Madagascar,MDG,2024,513.5687,1657.0497,Africa,,
Malawi,MWI,2024,399.19748,1634.2466,Africa,,
Malaysia,MYS,2024,38865.867,34116.23,Asia,,
Maldives,MDV,2024,14692.095,23034.41,Asia,,
Mali,MLI,2024,1186.0334,2916.1853,Africa,,
Malta,MLT,2024,67320.945,62700.496,Europe,,
Mauritania,MRT,2024,3806.5586,6482.69,Africa,,
Mauritius,MUS,2024,18847.379,28011.158,Africa,,
Mexico,MEX,2024,17653.777,22039.629,North America,,
Micronesia (country),FSM,2024,6204.3223,3824.1523,Oceania,,
Moldova,MDA,2024,11849.197,16376.611,Europe,,
Mongolia,MNG,2024,22107.053,16842.65,Asia,,
Montenegro,MNE,2024,18520.588,28105.709,Europe,,
Morocco,MAR,2024,7256.846,9162.747,Africa,,
Mozambique,MOZ,2024,1761.81,1500.3143,Africa,,
Myanmar,MMR,2024,2573.659,5276.2944,Asia,,
Namibia,NAM,2024,6257.665,10281.336,Africa,,
Nauru,NRU,2024,32034.71,12468.762,Oceania,,
Nepal,NPL,2024,1776.1818,5046.816,Asia,,
Netherlands,NLD,2024,50824.402,70498.88,Europe,,
New Zealand,NZL,2024,44711.75,49316.4,Oceania,,
Nicaragua,NIC,2024,3822.7468,7661.602,North America,,
Niger,NER,2024,511.13245,1803.4369,Africa,,
Nigeria,NGA,2024,2212.9424,7994.216,Africa,,
North Macedonia,MKD,2024,16219.917,24203.285,Europe,,
Norway,NOR,2024,99634.31,91105.25,Europe,,
Oman,OMN,2024,84610.64,36721.082,Asia,,
Pakistan,PAK,2024,3535.5425,5500.3237,Asia,,
Palestine,PSE,2024,4920.4414,3845.503,Asia,,
Panama,PAN,2024,23110.113,36394.918,North America,,
Papua New Guinea,PNG,2024,3096.2354,4288.5283,Oceania,,
Paraguay,PRY,2024,7907.9434,16296.283,South America,,
Peru,PER,2024,10941.455,15661.75,South America,,
Philippines,PHL,2024,5633.132,10375.94,Asia,,
Poland,POL,2024,29205.824,45153.043,Europe,,
Portugal,PRT,2024,25921.791,42197.203,Europe,,
Puerto Rico,PRI,2024,27541.82,44205.75,North America,,
Qatar,QAT,2024,214520.3,110889.79,Asia,,
Romania,ROU,2024,18694.158,40504,Europe,,
Russia,RUS,2024,62485.312,41704.71,Europe,,
Rwanda,RWA,2024,551.5344,3264.6445,Africa,,
Saint Kitts and Nevis,KNA,2024,24994.332,30656.441,North America,,
Saint Lucia,LCA,2024,14715.578,24252.469,North America,,
Saint Vincent and the Grenadines,VCT,2024,11321.043,18714.2,North America,,
Samoa,WSM,2024,6671.544,7686.2495,Oceania,,
Sao Tome and Principe,STP,2024,3149.593,5491.2983,Africa,,
Saudi Arabia,SAU,2024,96883.31,62792.773,Asia,,
Senegal,SEN,2024,2700.0264,4460.924,Africa,,
Serbia,SRB,2024,25219.01,26900.854,Europe,,
Seychelles,SYC,2024,31604.953,29241.775,Africa,,
Sierra Leone,SLE,2024,806.0337,3098.763,Africa,,
Singapore,SGP,2024,180701.45,132569.53,Asia,,
Slovakia,SVK,2024,32882.68,40319.055,Europe,,
Slovenia,SVN,2024,37360.676,48648.906,Europe,,
Solomon Islands,SLB,2024,1641.3884,2353.248,Oceania,,
Somalia,SOM,2024,357.34778,1409.335,Africa,,
South Africa,ZAF,2024,21286.549,13597.654,Africa,,
South Korea,KOR,2024,69922.41,55070.938,Asia,,
Spain,ESP,2024,33901.656,48460.293,Europe,,
Sri Lanka,LKA,2024,4819.1953,13752.837,Asia,,
Sudan,SDN,2024,1281.5796,1861.398,Africa,,
Suriname,SUR,2024,15524.72,19179.102,South America,,
Sweden,SWE,2024,57509.574,62978.938,Europe,,
Switzerland,CHE,2024,38025.83,82286.18,Europe,,
Syria,SYR,2024,4847.5273,4454.8535,Asia,2022,2022
Tajikistan,TJK,2024,5042.2227,4755.933,Asia,,
Tanzania,TZA,2024,1154.9879,3713.263,Africa,,
Thailand,THA,2024,19825.014,21740.541,Asia,,
Togo,TGO,2024,1519.3993,2960.7754,Africa,,
Tonga,TON,2024,8104.585,7030.419,Oceania,2023,2023
Trinidad and Tobago,TTO,2024,105988.44,31960.156,North America,,
Tunisia,TUN,2024,10024.105,12774.916,Africa,,
Turkey,TUR,2024,23927.826,36154.492,Asia,,
Turkmenistan,TKM,2024,49524.95,18662.299,Asia,,
Turks and Caicos Islands,TCA,2024,40965.793,33390.527,North America,,
Uganda,UGA,2024,637.01013,2879.6702,Africa,,
Ukraine,UKR,2024,15875.597,16319.845,Europe,,
United Arab Emirates,ARE,2024,138026.48,69701.805,Asia,,
United Kingdom,GBR,2024,28015.771,52621.18,Europe,,
United States,USA,2024,76799.57,75489.266,North America,,
United States Virgin Islands,VIR,2024,107261.33,46479.3,North America,2022,2022
Upper-middle-income countries,OWID_UMC,2024,26162.887,21737.637,,,
Uruguay,URY,2024,15800.801,32038.773,South America,,
Uzbekistan,UZB,2024,19129.268,10450.205,Asia,,
Vanuatu,VUT,2024,4123.855,3172.0476,Oceania,,
Vietnam,VNM,2024,14618.14,14415.216,Asia,,
World,OWID_WRL,2024,21653.723,21405.117,,,
Zambia,ZMB,2024,2391.3735,3708.069,Africa,,
Zimbabwe,ZWE,2024,4059.237,5215.253,Africa,,